{
  "framework": "pytorch",
  "n_parameters": 1921446,
  "input_shape": [
    1,
    5,
    2,
    48,
    48
  ],
  "cpu": {
    "mean_ms": 15.121701195000469,
    "median_ms": 12.575539500005561,
    "p95_ms": 29.550828950004853,
    "std_ms": 12.923984653757852,
    "n_trials": 1000
  },
  "gpu": {
    "mean_ms": 0.52096933599762,
    "median_ms": 0.5080700000235083,
    "p95_ms": 0.5952754500469837,
    "std_ms": 0.05588694407772701,
    "n_trials": 1000
  },
  "gpu_name": "NVIDIA GeForce RTX 3090"
}